{
  "file_info": {
    "size_mb": 0.37650394439697266,
    "size_bytes": 394793,
    "modified": "2025-11-07T06:55:20.528680"
  },
  "processing_metrics": [
    {
      "chunk_size": 100,
      "total_processed": 5000,
      "processing_time_s": 0.21649169921875,
      "rows_per_second": 23095.573724274036,
      "memory_increase_mb": -1.1875,
      "memory_peak_increase_mb": 0.32421875,
      "memory_efficiency": 15421.686746987953
    },
    {
      "chunk_size": 500,
      "total_processed": 5000,
      "processing_time_s": 0.0886070728302002,
      "rows_per_second": 56428.903927134765,
      "memory_increase_mb": 0.89453125,
      "memory_peak_increase_mb": 0.91015625,
      "memory_efficiency": 5493.562231759656
    },
    {
      "chunk_size": 1000,
      "total_processed": 5000,
      "processing_time_s": 0.0854494571685791,
      "rows_per_second": 58514.122449435126,
      "memory_increase_mb": 0.0,
      "memory_peak_increase_mb": 0.015625,
      "memory_efficiency": 320000.0
    },
    {
      "chunk_size": 2000,
      "total_processed": 5000,
      "processing_time_s": 0.02487969398498535,
      "rows_per_second": 200967.10204785678,
      "memory_increase_mb": 0.0,
      "memory_peak_increase_mb": 0.015625,
      "memory_efficiency": 320000.0
    }
  ],
  "memory_analysis": {
    "initial_memory_mb": 96.671875,
    "final_memory_mb": 96.37890625,
    "total_increase_mb": -0.29296875,
    "gc_objects": 0,
    "available_memory_mb": 78999.37890625
  },
  "performance_data": []
}